,message.sender_id,message.text, message.date,message.id,message.post_author,message.views,message.peer_id.channel_id
0,1778505019.0,가스비 없어서 못하넹 ㅠ,2023-06-22 09:41:48+00:00,843,,,1810966644
1,5492764610.0,BINANCE WITHDRAW,2023-06-22 09:26:50+00:00,842,,,1810966644
2,1778505019.0,가스비가 없네 뭘루 가스비 벌어용?,2023-06-22 09:25:38+00:00,841,,,1810966644
3,390418105.0,지금 되나요?,2023-06-22 08:43:06+00:00,839,,,1810966644
4,1832533556.0,에드는..?,2023-06-22 07:27:54+00:00,835,,,1810966644
5,5835223991.0,그냥 엔에프티만 주나요?,2023-06-22 07:21:55+00:00,834,,,1810966644
6,5497305510.0,나중에뭐주나요,2023-06-22 07:15:31+00:00,832,,,1810966644
7,5497305510.0,저거받으면,2023-06-22 07:15:28+00:00,831,,,1810966644
8,5497305510.0,앱토스 오지 nft ㄷㄷㄷㄷㄷㄷ,2023-06-22 07:15:26+00:00,830,,,1810966644
9,1078344896.0,cx,2023-06-22 07:09:27+00:00,829,,,1810966644
10,5497305510.0,답3번인듯,2023-06-22 07:06:50+00:00,827,,,1810966644
11,5481341340.0,0.001정도,2023-06-22 07:06:29+00:00,826,,,1810966644
12,6164803629.0,오 족보있나요,2023-06-22 07:06:16+00:00,825,,,1810966644
13,5835223991.0,답 3번 2번인듯?,2023-06-22 07:06:15+00:00,824,,,1810966644
14,5835223991.0,0.1이면 평생써여,2023-06-22 07:06:12+00:00,823,,,1810966644
15,2022234862.0,nft 클레임,2023-06-22 07:06:06+00:00,822,,,1810966644
16,2022234862.0,앱토스 수수료 얼마나 필요한가요?,2023-06-22 07:06:04+00:00,821,,,1810966644
17,5835223991.0,정답 몇번인가여??,2023-06-22 07:04:22+00:00,820,,,1810966644
18,5835223991.0,답 몇번임?,2023-06-22 07:03:59+00:00,819,,,1810966644
19,-1001808345971.0,"✨** 앱토스 한국 공식 커뮤니티 오픈 이벤트**✨ 

웹3 온보딩 플랫폼 3ridge를 통해 진행되고 있는 앱토스 커뮤니티의 두 번째 이벤트가 시작되었습니다! 퀴즈를 맞추시는 분들께 **앱토스 OG NFT**가 지급되오니 많은 참여 바랍니다.

🎁** 2차 커뮤니티 이벤트
**- 참여 기간: 2023년 6월 22일 ~ 6월 29일 
- 참여 보상: Aptos Korea OG NFT

**이벤트 참여하러 가기 **⤵️
[3ridge 이벤트 링크
](https://www.3ridge.io/event/648971993d243bd99d06aca8)
**앱토스 한국 커뮤니티 ⤵️**
https://t.me/AptosKR",2023-06-22 07:00:06+00:00,817,,977.0,1810966644
20,5481341340.0,언제 나오나 했더니ㅎㅎ,2023-06-22 02:25:29+00:00,810,,,1810966644
21,-1001808345971.0,"📱**앱토스 대표 지갑, 페트라 월렛 모바일 출시!

**페트라는 앱토스 랩스 팀이 개발한 공식 지갑입니다. 33억 명 이상의 안드로이드 사용자와 13억 6천만 명 이상의 아이폰 사용자는 페트라를 통해 어디서나 앱토스에 액세스 할 수 있습니다.

지금 바로 구글 플레이 및 애플 앱스토어에서 다운로드하고 앱토스와 웹3 여정을 모바일로 체험해보세요.

**더 알아보기⤵️** 
https://twitter.com/PetraWallet/status/1671564091176161282

**페트라 월렛 웹사이트⤵️ 
**https://petra.app",2023-06-22 02:24:33+00:00,809,,131.0,1810966644
22,5481341340.0,커뮤니티 이벤트 1차 약 1시간 남았습니다!,2023-06-22 02:08:07+00:00,805,,,1810966644
23,-1001808345971.0,"✨ **앱토스 네트워크 — 검증 가능한 성능 벤치마크의 중요성** ✨

앱토스 재단은 ‘성능’의 정의에 대한 논의를 시작하고 합의에 도달하기 위해 초기 성능 벤치마크 테스트를 도입하고 있습니다. 장기적으로 앱토스는 다른 조직과 협력하여 이 프레임워크를 개선하고 TPC 벤치마크에 상응하는 블록체인으로 전환하는 것을 목표로 하고 있습니다.

**테스트의 세부 사항에 대해 자세히 알아보세요**⤵️
https://bit.ly/verifiable_benchmark",2023-06-21 02:44:53+00:00,787,,159.0,1810966644
24,177972323.0,하이,2023-06-21 01:41:44+00:00,784,,,1810966644
25,368524689.0,하이요,2023-06-20 22:29:29+00:00,781,,,1810966644
26,440293597.0,가즈아,2023-06-20 15:02:32+00:00,775,,,1810966644
27,440393977.0,가즈아,2023-06-20 13:59:10+00:00,767,,,1810966644
28,5067410004.0,고고,2023-06-20 13:17:29+00:00,763,,,1810966644
29,5481341340.0,안하신분들 고고ㅎㅎ,2023-06-20 12:55:46+00:00,761,,,1810966644
30,5481341340.0,"**✨ 앱토스 한국 공식 커뮤니티 오픈 이벤트✨** 

앱토스 한국 공식 커뮤니티 오픈을 기념하여 웹3 온보딩 플랫폼 3ridge를 통해 한 달간 총 3차례의 이벤트가 진행됩니다. 지금 바로 퀘스트를 수행하고 다양한 경품을 받아 가시길 바랍니다!

**🎁 1차 커뮤니티 이벤트
**- 참여 기간: 2023년 6월 15일 ~ 6월 22일 
- 참여 보상: 커피 기프티콘 100명 추첨

**이벤트 참여하러 가기 ⤵️
**[3ridge 이벤트 링크

](https://www.3ridge.io/event/64882d186bd6711523e2a803)**앱토스 한국 커뮤니티 ⤵️
**https://t.me/AptosKR",2023-06-20 12:55:25+00:00,759,,8950.0,1810966644
31,5481341340.0,다들 이벤트 참여하셨죠?,2023-06-20 12:55:01+00:00,758,,,1810966644
32,5481341340.0,하이,2023-06-20 12:54:44+00:00,757,,,1810966644
33,353835912.0,하이요,2023-06-20 12:47:08+00:00,754,,,1810966644
34,5481341340.0,@dejavu1271,2023-06-20 09:19:01+00:00,733,,,1810966644
35,5481341340.0,트위터 연동 안되시던 분들 지금 다시 해보시겠어요?,2023-06-20 09:18:50+00:00,732,,,1810966644
36,2076340381.0,넵,2023-06-20 09:16:11+00:00,731,,,1810966644
37,2076340381.0,참여 합니닷,2023-06-20 09:15:50+00:00,729,,,1810966644
38,5481341340.0,쓰릿지 디스코드에 #티켓제출 채널에서 티켓 제출해주시면 바로 도움받으실 수 있습니다,2023-06-20 07:32:16+00:00,724,,,1810966644
39,5041023506.0,hi,2023-06-20 07:25:06+00:00,721,,,1810966644
40,6074408984.0,하이,2023-06-20 07:02:38+00:00,718,,,1810966644
41,402462411.0,3ridge 트윗팔로우요,2023-06-20 06:57:55+00:00,716,,,1810966644
42,2096891851.0,hi,2023-06-20 06:56:27+00:00,714,,,1810966644
43,1628292798.0,,2023-06-20 06:47:36+00:00,709,,,1810966644
44,507909471.0,안녕하세용,2023-06-20 06:42:42+00:00,707,,,1810966644
45,720410443.0,,2023-06-20 06:41:22+00:00,704,,,1810966644
46,527491966.0,ㅎㅇ,2023-06-20 06:40:35+00:00,702,,,1810966644
47,887587340.0,higd,2023-06-20 06:34:35+00:00,699,,,1810966644
48,1716444427.0,hi,2023-06-20 06:29:56+00:00,695,,,1810966644
49,482157825.0,하이,2023-06-20 06:22:49+00:00,693,,,1810966644
50,6168390861.0,하이,2023-06-20 06:03:23+00:00,682,,,1810966644
51,2021133132.0,하요,2023-06-20 06:01:04+00:00,678,,,1810966644
52,6285881398.0,하이용ㅁ,2023-06-20 05:56:50+00:00,669,,,1810966644
53,1600928661.0,ㅎㅇ,2023-06-20 05:51:43+00:00,666,,,1810966644
54,5554895128.0,안녕하세여,2023-06-20 05:41:52+00:00,661,,,1810966644
55,1365854100.0,커피사냥~~,2023-06-20 05:32:42+00:00,656,,,1810966644
56,5618237516.0,ㅎㅇㅎㅇ,2023-06-20 05:31:53+00:00,654,,,1810966644
57,2022234862.0,gd,2023-06-20 05:29:49+00:00,650,,,1810966644
58,5481341340.0,ㅎㅇㅎㅇ,2023-06-20 05:28:42+00:00,647,,,1810966644
59,1786728268.0,hi,2023-06-20 05:28:25+00:00,646,,,1810966644
60,1738036536.0,하이요,2023-06-20 05:27:48+00:00,645,,,1810966644
61,1764336340.0,gm,2023-06-20 05:26:35+00:00,641,,,1810966644
62,1421025432.0,gm,2023-06-20 05:25:08+00:00,640,,,1810966644
63,1679314795.0,d,2023-06-20 05:25:01+00:00,639,,,1810966644
64,2130192769.0,ㅗㅑ,2023-06-20 05:24:17+00:00,636,,,1810966644
65,1213677835.0,하위,2023-06-20 05:22:45+00:00,632,,,1810966644
66,5481341340.0,hello WangBang,2023-06-20 05:22:17+00:00,629,,,1810966644
67,863167458.0,hi,2023-06-20 05:21:39+00:00,628,,,1810966644
68,5481341340.0,"쓰릿지 디스코드에 문의 남겨주시면 도움 드리겠습니다!

https://discord.com/invite/3ridge",2023-06-20 04:53:26+00:00,615,,,1810966644
69,5481341340.0,이메일 연동하기 맞나요?,2023-06-20 04:47:57+00:00,614,,,1810966644
70,5481341340.0,두번째 이벤트 어떤걸 말씀하시는건가요?,2023-06-20 04:47:47+00:00,613,,,1810966644
71,402462411.0,앱토스 두번째 이벤트 왤케 팔로우 했는데 확인하기가 안되용 몇번을 햇눈지,2023-06-19 18:09:47+00:00,611,,,1810966644
72,5632165487.0,이 기회를 놓치지 마세요!,2023-06-19 02:46:11+00:00,607,,,1810966644
73,5492764610.0,지금 바로 주문하세요!,2023-06-19 02:45:29+00:00,606,,,1810966644
74,5492764610.0,11 APT 단돈 8만원!,2023-06-19 02:45:24+00:00,605,,,1810966644
75,5492764610.0,앱토스 스테이킹에 참여하고 싶으신가요?,2023-06-19 02:45:19+00:00,604,,,1810966644
76,5481341340.0,직접 밸리데이터가 되지 않고도 스테이킹 권한을 위임해서 참여 및 보상받을 수 있다는 장점이 있네요. 11 APT만으로도 참여 가능하다는데 현재 1 APT = US$6.73 이니까 8-9만원정도?,2023-06-19 02:39:35+00:00,603,,,1810966644
77,5481341340.0,여기에 한글로 자세히 나와있습니다,2023-06-19 02:36:11+00:00,602,,,1810966644
78,5481341340.0,전에 스테이킹 어디서 하는지 물어봤던 분 계셨는데,2023-06-19 02:34:45+00:00,601,,,1810966644
79,5481341340.0,앱모닝,2023-06-19 02:34:05+00:00,600,,,1810966644
80,-1001808345971.0,"✨ **앱토스** **네트워크 — 위임 스테이킹 소개** ✨

앱토스는 위임 스테이킹(Delegated Staking)을 도입하여 보다 포용적이고 쉽게 접근할 수 있는 네트워크를 조성했습니다. 이제 참가자들은 최소 11 APT만으로도 스테이킹에 참여할 수 있습니다. 

**위임 스테이킹이 제공하는 기능과 스테이킹에 참여하는 방법에 대해 자세히 알아보세요**⤵️
https://bit.ly/delegated_staking",2023-06-19 02:32:44+00:00,599,,285.0,1810966644
81,1294418574.0,하이요,2023-06-17 08:03:24+00:00,593,,,1810966644
82,1690600113.0,안녕하세요,2023-06-17 07:51:04+00:00,592,,,1810966644
83,6208309597.0,옹.@..독도,2023-06-16 05:50:51+00:00,564,,,1810966644
84,5497305510.0,네 저는 독도앞바다에 살고있어요,2023-06-16 02:13:52+00:00,554,,,1810966644
85,6100325917.0,커피줘!,2023-06-16 02:07:08+00:00,553,,,1810966644
86,5481341340.0,안녕하세요!,2023-06-16 02:05:36+00:00,552,,,1810966644
87,462213184.0,안녕하세욥~,2023-06-16 02:05:20+00:00,551,,,1810966644
88,5481341340.0,독도 출신이신가요,2023-06-16 02:04:57+00:00,549,,,1810966644
89,5481341340.0,저는 코리안 아메리칸 입니다ㅋㅋ,2023-06-16 02:03:40+00:00,548,,,1810966644
90,5497305510.0,제임스님은 한국인 이신가요,2023-06-16 02:00:13+00:00,547,,,1810966644
91,2057669829.0,반갑습니당,2023-06-16 01:59:51+00:00,546,,,1810966644
92,5481341340.0,"앱토스 공식 한국 커뮤니티의 일원으로서 지켜야 할 준수 사항 전해드립니다.

1. 욕설, 비하, 부적절한 언행 금지
2. 스팸 금지
3. 가격 관련 혹은 출처가 불분명한 정보 FUD 금지

어길시 경고/강퇴 조치하겠습니다.

앱토스 생태계 관련 건전한 콘텐츠와 대화는 환영합니다.",2023-06-16 01:35:33+00:00,542,,,1810966644
93,5497305510.0,커피좀요,2023-06-16 00:24:15+00:00,537,,,1810966644
94,526268810.0,커피좀요,2023-06-16 00:15:13+00:00,534,,,1810966644
95,6034275713.0,하염,2023-06-16 00:05:43+00:00,532,,,1810966644
96,1286124689.0,Hi,2023-06-16 00:00:36+00:00,531,,,1810966644
97,1111234473.0,안녕하세요~,2023-06-15 22:59:20+00:00,523,,,1810966644
98,1703168414.0,하이,2023-06-15 14:31:44+00:00,515,,,1810966644
99,548866520.0,앱토수이,2023-06-15 14:27:01+00:00,513,,,1810966644
100,1272359414.0,안녕!,2023-06-15 13:57:13+00:00,509,,,1810966644
101,548866520.0,,2023-06-15 12:28:33+00:00,495,,,1810966644
102,1832533556.0,,2023-06-15 12:28:06+00:00,494,,,1810966644
103,1034881608.0,반갑븝니다,2023-06-15 12:25:14+00:00,493,,,1810966644
104,1354379756.0,안녕하세요,2023-06-15 11:01:08+00:00,488,,,1810966644
105,775507516.0,안녕하세요,2023-06-15 10:15:32+00:00,485,,,1810966644
106,5495921965.0,하이,2023-06-15 10:12:57+00:00,483,,,1810966644
107,1781544950.0,안녕하세요,2023-06-15 09:54:27+00:00,478,,,1810966644
108,1294418574.0,,2023-06-15 09:42:42+00:00,474,,,1810966644
109,1294418574.0,커피말고 USDC이런거 주지,2023-06-15 09:42:37+00:00,473,,,1810966644
110,1765546270.0,하이요 하이,2023-06-15 09:16:03+00:00,471,,,1810966644
111,5481341340.0,안녕하세요~!,2023-06-15 08:49:58+00:00,465,,,1810966644
112,1204240394.0,안녕하세요,2023-06-15 08:47:05+00:00,464,,,1810966644
113,1683798294.0,앱토스!!,2023-06-15 08:46:44+00:00,463,,,1810966644
114,1683798294.0,하잉,2023-06-15 08:46:41+00:00,462,,,1810966644
115,5492764610.0,아 폰템에서 되는구나,2023-06-15 08:29:27+00:00,456,,,1810966644
116,1750941219.0,,2023-06-15 08:27:45+00:00,454,,,1810966644
117,5481341340.0,"스테이킹은 [앱토스 익스플로러](https://explorer.aptoslabs.com/validators/delegation?network=mainnet) 혹은 앱토스 파트너들이 만든 스테이킹 인터페이스를 통해 가능합니다.

월렛 스테이킹:
- [Fewcha Wallet](https://fewcha.app/) ([튜토리얼](https://medium.com/@fewchawallet/join-the-revolution-fewcha-wallet-introduces-game-changing-apt-delegation-staking-for-all-c1b7512e981f))

스테이킹 포털:
- [Pontem Network](https://liquidswap.com/#/aptos-staking) ([튜토리얼](https://pontem.network/posts/native-aptos-delegated-staking-tutorial))
- [NodesGuru](https://aptostake.guru/) ([튜토리얼](https://www.youtube.com/watch?v=26Pn2-AJBvc))
- [Tortuga](https://stake.new/)",2023-06-15 08:27:44+00:00,453,,,1810966644
118,2083470250.0,앱토스살까?,2023-06-15 08:26:09+00:00,452,,,1810966644
119,2083470250.0,피치민트야,2023-06-15 08:26:05+00:00,451,,,1810966644
120,545631162.0,,2023-06-15 08:25:11+00:00,450,,,1810966644
121,2083470250.0,gm,2023-06-15 08:22:59+00:00,449,,,1810966644
122,1899328946.0,,2023-06-15 08:22:02+00:00,448,,,1810966644
123,1899328946.0,GM,2023-06-15 08:21:52+00:00,447,,,1810966644
124,2083470250.0,내일부터임,2023-06-15 08:20:13+00:00,443,,,1810966644
125,2083470250.0,근데 생각해보니,2023-06-15 08:20:11+00:00,442,,,1810966644
126,2083470250.0,ㄱㅅㄱㅅ,2023-06-15 08:20:07+00:00,441,,,1810966644
127,6100325917.0,다이어트 화이팅,2023-06-15 08:20:04+00:00,440,,,1810966644
128,2083470250.0,응,2023-06-15 08:20:00+00:00,439,,,1810966644
129,6100325917.0,그러던가,2023-06-15 08:19:57+00:00,438,,,1810966644
130,2083470250.0,아파트 물타야지,2023-06-15 08:19:46+00:00,437,,,1810966644
131,2083470250.0,팔라고에 팔고,2023-06-15 08:19:42+00:00,436,,,1810966644
132,2083470250.0,싫은데?,2023-06-15 08:19:36+00:00,435,,,1810966644
133,6100325917.0,당첨되면 저 주세요,2023-06-15 08:19:31+00:00,434,,,1810966644
134,2083470250.0,나만 못 먹긴 억울하자너,2023-06-15 08:19:06+00:00,433,,,1810966644
135,2083470250.0,오늘부터긴한데,2023-06-15 08:19:01+00:00,432,,,1810966644
136,2083470250.0,저 다이어트 시작함,2023-06-15 08:18:52+00:00,431,,,1810966644
137,2083470250.0,피자주지마요,2023-06-15 08:18:47+00:00,430,,,1810966644
138,5481341340.0,피자일지 치킨일지...ㅎ,2023-06-15 08:16:34+00:00,428,,,1810966644
139,5481341340.0,커피는 추첨입니다,2023-06-15 08:15:52+00:00,427,,,1810966644
140,2019447226.0,나도 먹고 싶다,2023-06-15 08:15:33+00:00,426,,,1810966644
141,2019447226.0,커피,2023-06-15 08:15:30+00:00,425,,,1810966644
142,5497305510.0,아파트 20불에 물리신분 계심?,2023-06-15 08:13:28+00:00,424,,,1810966644
143,6100325917.0,피자는 언제줘요?,2023-06-15 08:10:41+00:00,421,,,1810966644
144,6100325917.0,커피 선착순인가요?,2023-06-15 08:10:28+00:00,419,,,1810966644
145,548866520.0,전 이전부터 있었으니 커피주시죠,2023-06-15 08:09:27+00:00,418,,,1810966644
146,5571775409.0,고냥이 늪트도 주세요,2023-06-15 08:07:54+00:00,417,,,1810966644
147,5497305510.0,내가받을거야,2023-06-15 08:06:57+00:00,416,,,1810966644
148,5497305510.0,추첨이야,2023-06-15 08:06:54+00:00,415,,,1810966644
149,5497305510.0,아 오지마,2023-06-15 08:06:52+00:00,414,,,1810966644
150,5497305510.0,ㅋ,2023-06-15 08:06:47+00:00,413,,,1810966644
151,1763836726.0,하잇,2023-06-15 08:06:26+00:00,412,,,1810966644
152,5492764610.0,나오면 네트워크 수수료좀 나오나요,2023-06-15 08:05:47+00:00,409,,,1810966644
153,5492764610.0,아맞다 메타픽셀,2023-06-15 08:05:31+00:00,408,,,1810966644
154,5571775409.0,그랑사가는 어찌되었나유,2023-06-15 08:05:23+00:00,407,,,1810966644
155,5492764610.0,ㅋㅋㅋㅋㅋㅋㅋㅋㅋㅋ,2023-06-15 08:05:17+00:00,406,,,1810966644
156,5492764610.0,해야할거아이가,2023-06-15 08:04:59+00:00,403,,,1810966644
157,5492764610.0,유틸리티 팍팍 내고 으이?,2023-06-15 08:04:55+00:00,402,,,1810966644
158,5492764610.0,그럼 빨리 디앱 쓱삭 만들고 어?,2023-06-15 08:04:48+00:00,401,,,1810966644
159,5571775409.0,어예,2023-06-15 08:04:46+00:00,400,,,1810966644
160,5497305510.0,그렇긴하지,2023-06-15 08:04:32+00:00,398,,,1810966644
161,5497305510.0,유통물량 풀릴거 생각하면,2023-06-15 08:04:29+00:00,397,,,1810966644
162,5492764610.0,아파트 폰지임?,2023-06-15 08:04:01+00:00,395,,,1810966644
163,5495283139.0,모든 코인이 폰지인데,2023-06-15 08:03:46+00:00,394,,,1810966644
164,5495283139.0,스테이킹을 왜함,2023-06-15 08:03:42+00:00,393,,,1810966644
165,5492764610.0,사보게 ㅋ.ㅋ,2023-06-15 08:03:35+00:00,392,,,1810966644
166,5492764610.0,좀더 박살나면,2023-06-15 08:03:32+00:00,391,,,1810966644
167,5492764610.0,한번도 안사봤는데,2023-06-15 08:03:22+00:00,390,,,1810966644
168,5492764610.0,어디서해요?,2023-06-15 08:03:20+00:00,388,,,1810966644
169,5492764610.0,아파트코인 스테이킹,2023-06-15 08:03:18+00:00,387,,,1810966644
170,1750941219.0,저는 모든체인을 사랑합니다,2023-06-15 08:02:58+00:00,386,,,1810966644
171,5495283139.0,머니스택님 방 보고 왔습니다,2023-06-15 08:02:54+00:00,385,,,1810966644
172,5497305510.0,스파이인가,2023-06-15 08:02:39+00:00,384,,,1810966644
173,5497305510.0,근데 고매님 여기계셔도되는건가요,2023-06-15 08:02:29+00:00,383,,,1810966644
174,5495283139.0,Hello,2023-06-15 08:02:29+00:00,382,,,1810966644
175,6100325917.0,커피 줘!,2023-06-15 08:02:08+00:00,380,,,1810966644
176,6100325917.0,커피도 좋긴해요,2023-06-15 08:02:05+00:00,379,,,1810966644
177,5497305510.0,ㅎㅇㅎㅇ,2023-06-15 08:01:45+00:00,377,,,1810966644
178,5492764610.0,APT,2023-06-15 08:01:42+00:00,376,,,1810966644
179,1750941219.0,안녕하세요,2023-06-15 08:01:34+00:00,374,,,1810966644
180,43594346.0,코인같이투자 보고 왔습니다,2023-06-15 08:00:50+00:00,372,,,1810966644
181,6100325917.0,피자먹고싶어요,2023-06-15 08:00:29+00:00,371,,,1810966644
182,5497305510.0,피자로바꿔주셈,2023-06-15 08:00:26+00:00,370,,,1810966644
183,5497305510.0,100명도 안들어올거같은데,2023-06-15 08:00:24+00:00,369,,,1810966644
184,5497305510.0,커피 100명인데,2023-06-15 08:00:22+00:00,367,,,1810966644
185,5497305510.0,오 피자주셈,2023-06-15 08:00:10+00:00,366,,,1810966644
186,6100325917.0,피자피자!,2023-06-15 08:00:05+00:00,365,,,1810966644
187,5497305510.0,디스프레드 믿을만한곳임?,2023-06-15 07:59:52+00:00,363,,,1810966644
188,5497305510.0,털리고그런거아니겠지,2023-06-15 07:59:41+00:00,361,,,1810966644
189,5497305510.0,근데이거지갑연결해도되는거임?,2023-06-15 07:59:38+00:00,360,,,1810966644
190,5497305510.0,,2023-06-15 07:59:09+00:00,358,,,1810966644
191,5497305510.0,하이요,2023-06-15 07:58:45+00:00,356,,,1810966644
192,1621717232.0,갱생코인 brings me here,2023-06-15 07:58:34+00:00,355,,,1810966644
193,5497305510.0,설치해야겠네,2023-06-15 07:58:33+00:00,354,,,1810966644
194,5497305510.0,지갑없는데,2023-06-15 07:58:28+00:00,353,,,1810966644
195,5497305510.0,오 감사요,2023-06-15 07:58:26+00:00,352,,,1810966644
196,557219924.0,페트라 지갑 있으면 앱토스 버튼 누르면 될겁니다,2023-06-15 07:58:17+00:00,351,,,1810966644
197,5497305510.0,디스프레드가뭐임,2023-06-15 07:58:09+00:00,350,,,1810966644
198,545631162.0,안녕하세요 코인같이투자 보고 왔습니다,2023-06-15 07:57:57+00:00,349,,,1810966644
199,5497305510.0,뭐해애ㅑ되나요,2023-06-15 07:57:50+00:00,346,,,1810966644
200,5497305510.0,관리자님 지갑연결,2023-06-15 07:57:48+00:00,345,,,1810966644
201,5497305510.0,,2023-06-15 07:57:46+00:00,344,,,1810966644
202,1882722804.0,2잔씩 주세요 감사합니다,2023-06-15 07:57:43+00:00,343,,,1810966644
203,5039097345.0,방가워요,2023-06-15 07:57:42+00:00,342,,,1810966644
204,904837981.0,,2023-06-15 07:57:35+00:00,341,,,1810966644
205,1882722804.0,ㅎㅇ,2023-06-15 07:57:32+00:00,340,,,1810966644
206,1971221391.0,디스프레드에서 만든 웹3 온보딩 플랫폼?,2023-06-15 07:57:29+00:00,338,,,1810966644
207,545631162.0,뭐여,2023-06-15 07:57:22+00:00,336,,,1810966644
208,5797644001.0,hu,2023-06-15 07:57:00+00:00,333,,,1810966644
209,5497305510.0,뭐하는데임,2023-06-15 07:56:45+00:00,331,,,1810966644
210,5497305510.0,근데 3ridge 저건,2023-06-15 07:56:44+00:00,330,,,1810966644
211,5497305510.0,으이,2023-06-15 07:56:30+00:00,328,,,1810966644
212,5497305510.0,받아야지,2023-06-15 07:56:29+00:00,327,,,1810966644
213,5497305510.0,뭐준다하면 악착같이,2023-06-15 07:56:28+00:00,326,,,1810966644
214,5497305510.0,커피꽁짜라는데,2023-06-15 07:56:14+00:00,324,,,1810966644
215,5497305510.0,다들 배가불러가지고,2023-06-15 07:56:12+00:00,323,,,1810966644
216,5497305510.0,별로오지도않네,2023-06-15 07:56:09+00:00,322,,,1810966644
217,5497305510.0,커피준대도,2023-06-15 07:56:06+00:00,321,,,1810966644
218,1785393233.0,네 아닙니다,2023-06-15 07:56:05+00:00,320,,,1810966644
219,5497305510.0,들어와있었는데,2023-06-15 07:56:04+00:00,319,,,1810966644
220,5497305510.0,와 여기 첨만들어졌을때부터,2023-06-15 07:56:01+00:00,318,,,1810966644
221,1764336340.0,아 여기가 아닌가,2023-06-15 07:55:40+00:00,315,,,1810966644
222,1764336340.0,머니스택!,2023-06-15 07:55:37+00:00,314,,,1810966644
223,1764336340.0,커피 못참지,2023-06-15 07:55:25+00:00,313,,,1810966644
224,1136182109.0,"하요, 갱생코인에서 왔습니다",2023-06-15 07:55:04+00:00,311,,,1810966644
225,5018372810.0,카즈하,2023-06-15 07:52:52+00:00,304,,,1810966644
226,5497305510.0,ㅋㅋ,2023-06-15 07:52:43+00:00,303,,,1810966644
227,1430714692.0,수이는 스캠,2023-06-15 07:52:35+00:00,302,,,1810966644
228,5497305510.0,그런거랄까,2023-06-15 07:52:31+00:00,301,,,1810966644
229,5497305510.0,뱀의 머리,2023-06-15 07:52:30+00:00,300,,,1810966644
230,5497305510.0,솔라나한테 미안하다,2023-06-15 07:52:23+00:00,299,,,1810966644
231,5497305510.0,솔직히 저렇게 셋이 비교하기엔,2023-06-15 07:52:21+00:00,298,,,1810966644
232,5497305510.0,커피줘 응애,2023-06-15 07:52:04+00:00,297,,,1810966644
233,5835223991.0,수이 vs 앱토스 vs 솔라나,2023-06-15 07:51:57+00:00,296,,,1810966644
234,5497305510.0,챗굴챗굴,2023-06-15 07:51:56+00:00,295,,,1810966644
235,5497305510.0,커피주나요,2023-06-15 07:51:52+00:00,294,,,1810966644
236,5497305510.0,채팅열심히하면,2023-06-15 07:51:51+00:00,293,,,1810966644
237,5492764610.0,MS129,2023-06-15 07:51:27+00:00,292,,,1810966644
238,500739267.0,콩밥요,2023-06-15 07:51:24+00:00,291,,,1810966644
239,5497305510.0,콩밥이뭔데요,2023-06-15 07:51:12+00:00,290,,,1810966644
240,500739267.0,안녕하세요 콩밥에서 왔습니다,2023-06-15 07:51:06+00:00,289,,,1810966644
241,5497305510.0,,2023-06-15 07:50:59+00:00,288,,,1810966644
242,5497305510.0,흠,2023-06-15 07:50:52+00:00,287,,,1810966644
243,5497305510.0,근데 커피 추첨이네,2023-06-15 07:50:52+00:00,286,,,1810966644
244,5497305510.0,커피드가자,2023-06-15 07:50:44+00:00,285,,,1810966644
245,5497305510.0,오 커피주네,2023-06-15 07:50:40+00:00,284,,,1810966644
246,1430714692.0,ㄱㅁ 화이팅,2023-06-15 07:50:19+00:00,283,,,1810966644
247,1750941219.0,?,2023-06-15 07:50:10+00:00,282,,,1810966644
248,500739267.0,안녕하세요 항고매에서 왔습니다,2023-06-15 07:49:49+00:00,281,,,1810966644
249,1430714692.0,ㄷㄱㅂ 화이팅,2023-06-15 07:49:34+00:00,280,,,1810966644
250,500739267.0,커피감사합니다,2023-06-15 07:49:27+00:00,279,,,1810966644
251,1851487157.0,?,2023-06-15 07:49:06+00:00,277,,,1810966644
252,500739267.0,안녕하세요 돌곰배에서 왔습니다,2023-06-15 07:49:00+00:00,276,,,1810966644
253,-1001808345971.0,"**✨ 앱토스 한국 공식 커뮤니티 오픈 이벤트✨** 

앱토스 한국 공식 커뮤니티 오픈을 기념하여 웹3 온보딩 플랫폼 3ridge를 통해 한 달간 총 3차례의 이벤트가 진행됩니다. 지금 바로 퀘스트를 수행하고 다양한 경품을 받아 가시길 바랍니다!

**🎁 1차 커뮤니티 이벤트
**- 참여 기간: 2023년 6월 15일 ~ 6월 22일 
- 참여 보상: 커피 기프티콘 100명 추첨

**이벤트 참여하러 가기 ⤵️
**[3ridge 이벤트 링크

](https://www.3ridge.io/event/64882d186bd6711523e2a803)**앱토스 한국 커뮤니티 ⤵️
**https://t.me/AptosKR",2023-06-15 07:47:29+00:00,272,,8950.0,1810966644
254,5481341340.0,마지막에 남은 와인이랑 샴페인 잘 챙겨가셨나요,2023-06-14 12:32:52+00:00,267,,,1810966644
255,548866520.0,즐거웠습니다,2023-06-14 12:31:02+00:00,266,,,1810966644
256,5481341340.0,네 강남역 근처에서ㅋㅋ,2023-06-14 12:30:50+00:00,265,,,1810966644
257,5632165487.0,오 이번에 앱토스 왔었구나,2023-06-14 12:17:15+00:00,264,,,1810966644
258,-1001808345971.0,"✨ **앱토스** **생태계 하이라이트 — 5월** ✨

네트워크 출시와 생태계 펀드 등 앱토스 생태계가 계속해서 확장하고 있으며, 현재까지 플랫폼에서 1억 5천만 건 이상의 거래가 이루어졌습니다.

**5월달 앱토스 생태계 내 주요 소식들을 확인해보세요**⤵️
https://bit.ly/may_highlights",2023-06-14 12:15:04+00:00,263,,203.0,1810966644
259,1294418574.0,USDC 같은거 지원을해주지,2023-06-14 03:50:43+00:00,262,,,1810966644
260,1294418574.0,CAKE 앱토스 지원 ㄷ,2023-06-14 03:50:29+00:00,261,,,1810966644
261,1294418574.0,https://www.binance.com/en/support/announcement/binance-completes-integration-of-pancakeswap-cake-on-aptos-network-opens-deposits-and-withdrawals-296a025839014de1a4891e580e32d9ba,2023-06-14 03:50:17+00:00,260,,,1810966644
262,5688504580.0,,2023-06-13 13:30:52+00:00,259,,,1810966644
263,5786973468.0,"I need Korean marketing,Please DM me",2023-06-13 13:23:24+00:00,258,,,1810966644
264,1252828749.0,반갑습니다,2023-06-13 12:45:18+00:00,257,,,1810966644
265,5688504580.0,,2023-06-13 06:26:47+00:00,255,,,1810966644
266,1750941219.0,ㅎㅇ,2023-06-13 05:44:10+00:00,254,,,1810966644
267,5452266191.0,하이여,2023-06-13 05:40:56+00:00,245,,,1810966644
268,5452266191.0,,2023-06-13 05:40:52+00:00,244,,,1810966644
269,1459873373.0,,2023-06-13 04:59:21+00:00,243,,,1810966644
270,1101596083.0,,2023-06-13 04:12:05+00:00,242,,,1810966644
271,5450867791.0,,2023-06-13 03:52:54+00:00,241,,,1810966644
272,471010789.0,,2023-06-13 01:56:25+00:00,240,,,1810966644
273,1271698323.0,,2023-06-13 01:12:21+00:00,239,,,1810966644
274,2071508174.0,gm,2023-06-13 01:08:35+00:00,238,,,1810966644
275,2071508174.0,,2023-06-13 01:08:22+00:00,237,,,1810966644
276,1376219931.0,,2023-06-12 19:06:31+00:00,236,,,1810966644
277,5786973468.0,,2023-06-12 17:55:49+00:00,235,,,1810966644
278,5018372810.0,하이,2023-06-12 15:37:26+00:00,234,,,1810966644
279,5018372810.0,,2023-06-12 15:37:23+00:00,233,,,1810966644
280,1628044387.0,,2023-06-12 15:06:59+00:00,232,,,1810966644
281,5109597542.0,,2023-06-12 14:18:12+00:00,231,,,1810966644
282,1266746900.0,,2023-06-12 14:05:15+00:00,230,,,1810966644
283,-1001808345971.0,"✨ **앱토스 네트워크 — 게임의 미래를 선도하다** ✨

웹3 게임은 기존 게임 산업을 혁신시킬 것입니다. 소유권과 상호 운용성을 통해 '게임 간 자산 이동'이 가능해지며 이는 새로운 사용자 경험을 제공할 수 있습니다.

**앱토스와 웹3.0 게임의 미래를 확인해보세요**⤵️
https://bit.ly/aptos_web3gaming",2023-06-12 13:22:50+00:00,229,,164.0,1810966644
284,2142437326.0,,2023-06-12 13:19:25+00:00,227,,,1810966644
285,2142437326.0,,2023-06-12 13:19:14+00:00,226,,,1810966644
286,346010753.0,,2023-06-12 11:43:26+00:00,225,,,1810966644
287,1621300971.0,,2023-06-12 11:12:00+00:00,224,,,1810966644
288,1750941219.0,,2023-06-12 10:55:29+00:00,223,,,1810966644
289,1750941219.0,,2023-06-12 10:55:26+00:00,222,,,1810966644
290,5481341340.0,영문 원본인데 추후에 한글로 번역해서 올리면 공지 드리겠슴다 ㅎㅎ,2023-06-12 10:55:07+00:00,221,,,1810966644
291,5481341340.0,https://aptosfoundation.org/currents/aptos-tokenomics-overview,2023-06-12 10:54:10+00:00,220,,,1810966644
292,5497305510.0,헤응,2023-06-12 10:53:45+00:00,219,,,1810966644
293,2037210780.0,,2023-06-12 10:51:06+00:00,217,,,1810966644
294,6033589816.0,33업토스,2023-06-12 09:38:37+00:00,216,,,1810966644
295,402462411.0,클레이는 그닥 빠르다고 생각해본적이 없어서,2023-06-12 09:37:45+00:00,215,,,1810966644
296,6033589816.0,,2023-06-12 09:37:16+00:00,214,,,1810966644
297,548866520.0,클레이도 빠릅니더,2023-06-12 09:37:03+00:00,213,,,1810966644
298,402462411.0,"앱토스
개빠름 인정",2023-06-12 09:36:53+00:00,212,,,1810966644
299,402462411.0,안뇽하세용,2023-06-12 09:36:26+00:00,211,,,1810966644
300,402462411.0,,2023-06-12 09:36:13+00:00,210,,,1810966644
301,5527926160.0,,2023-06-12 09:35:51+00:00,209,,,1810966644
302,5111181027.0,,2023-06-12 09:33:17+00:00,208,,,1810966644
303,1750941219.0,지갑지원해줘야될텐데,2023-06-12 09:02:36+00:00,207,,,1810966644
304,1750941219.0,업비트에서도 빨리,2023-06-12 09:02:34+00:00,206,,,1810966644
305,1480147521.0,,2023-06-12 09:02:30+00:00,205,,,1810966644
306,1480147521.0,아직도 리플 트론 이오스 쓰니?,2023-06-12 09:02:27+00:00,204,,,1810966644
307,1480147521.0,짱빠름,2023-06-12 09:02:19+00:00,203,,,1810966644
308,1480147521.0,수이 알고랜드 앱토스,2023-06-12 09:02:13+00:00,202,,,1810966644
309,5062462019.0,100만원 이상으로 트레블룰 걸리면 머리아파지구요 ㅎㅎ,2023-06-12 09:02:11+00:00,201,,,1810966644
310,1480147521.0,ㄹㅇ,2023-06-12 09:02:06+00:00,200,,,1810966644
311,5062462019.0,출금도 마찬가지,2023-06-12 09:01:55+00:00,199,,,1810966644
312,5062462019.0,트레블룰만 안걸리면 10초 입금 ...,2023-06-12 09:01:51+00:00,198,,,1810966644
313,5062462019.0,저는 그래서 입국할때 페트라 지갑 쓴답니다,2023-06-12 09:01:45+00:00,197,,,1810966644
314,1750941219.0,누르자마자 바로들어오던데,2023-06-12 09:01:15+00:00,196,,,1810966644
315,1750941219.0,빠르긴빠르던데,2023-06-12 09:01:11+00:00,195,,,1810966644
316,1750941219.0,앱토스 써보니까,2023-06-12 09:01:09+00:00,194,,,1810966644
317,1764336340.0,,2023-06-12 09:01:05+00:00,193,,,1810966644
318,1764336340.0,,2023-06-12 09:00:45+00:00,192,,,1810966644
319,1698490343.0,,2023-06-12 09:00:10+00:00,191,,,1810966644
320,5062462019.0,모더 하시느라 고생 많으셨어요 ㅠ,2023-06-12 09:00:02+00:00,190,,,1810966644
321,1750941219.0,ㅋㅋㅋㅋㅋㅋㅋ,2023-06-12 08:59:53+00:00,189,,,1810966644
322,1750941219.0,넹,2023-06-12 08:59:52+00:00,188,,,1810966644
323,5062462019.0,지금은 모더가 아닌 회원이신가용 ㅎㅎ,2023-06-12 08:59:49+00:00,187,,,1810966644
324,1750941219.0,저도 놀러옴,2023-06-12 08:59:49+00:00,186,,,1810966644
325,1750941219.0,앱토스방생겼다고 해서,2023-06-12 08:59:47+00:00,185,,,1810966644
326,1123871761.0,,2023-06-12 08:59:42+00:00,184,,,1810966644
327,5062462019.0,방갑습니다 ㅎ,2023-06-12 08:59:37+00:00,183,,,1810966644
328,1750941219.0,안녕하세여,2023-06-12 08:59:36+00:00,182,,,1810966644
329,5062462019.0,고매님을 여기서 뵙네요,2023-06-12 08:59:34+00:00,181,,,1810966644
330,1750941219.0,관리자님 토큰노믹스 글 있나요,2023-06-12 08:59:27+00:00,180,,,1810966644
331,5062462019.0,근데 확인된 사실이 아니라서,2023-06-12 08:59:25+00:00,179,,,1810966644
332,1750941219.0,토큰노믹스에 뭐있나?,2023-06-12 08:59:22+00:00,178,,,1810966644
333,5062462019.0,2차 에드가 있을거라고,2023-06-12 08:59:19+00:00,177,,,1810966644
334,5062462019.0,계속 소문이 있더라구용,2023-06-12 08:59:16+00:00,176,,,1810966644
335,1750941219.0,뿌린게 끝아닌가요,2023-06-12 08:59:08+00:00,175,,,1810966644
336,1750941219.0,메인넷런칭전에,2023-06-12 08:59:05+00:00,174,,,1810966644
337,5062462019.0,혹시 앱토스 2차에드 기획이 정말 있나욘,2023-06-12 08:58:54+00:00,173,,,1810966644
338,5062462019.0,방가방가용!,2023-06-12 08:58:40+00:00,172,,,1810966644
339,5062462019.0,,2023-06-12 08:58:35+00:00,171,,,1810966644
340,1480147521.0,,2023-06-12 08:58:26+00:00,170,,,1810966644
341,5835223991.0,둘이 페어 만들어,2023-06-12 08:58:03+00:00,165,,,1810966644
342,5835223991.0,앱토스 수이 둘이 손잡고 화해해,2023-06-12 08:57:58+00:00,164,,,1810966644
343,1750941219.0,디파이안한지 넘오래되서 뭐있는지도 잘모르겠네,2023-06-12 08:57:38+00:00,163,,,1810966644
344,1750941219.0,뭐쓸만한거 없나요,2023-06-12 08:57:29+00:00,162,,,1810966644
345,1750941219.0,앱토스 디앱을,2023-06-12 08:57:26+00:00,161,,,1810966644
346,1832533556.0,"지금 앱토수
문제는 nft이후로
잘안되는듯^^

뭔가 해볼라고 하긴하나",2023-06-12 08:57:23+00:00,160,,,1810966644
347,1480147521.0,,2023-06-12 08:56:23+00:00,159,,,1810966644
348,1480147521.0,바로 그거다,2023-06-12 08:56:21+00:00,158,,,1810966644
349,1480147521.0,그거다 항고매,2023-06-12 08:56:17+00:00,157,,,1810966644
350,1480147521.0,그래,2023-06-12 08:56:14+00:00,156,,,1810966644
351,1750941219.0,앱토스 솔라나 수이같은 빠르고 싼 레이어1이 미래다...,2023-06-12 08:56:07+00:00,155,,,1810966644
352,483744696.0,,2023-06-12 08:56:02+00:00,154,,,1810966644
353,1480147521.0,,2023-06-12 08:55:23+00:00,153,,,1810966644
354,1480147521.0,갈 차례..,2023-06-12 08:55:20+00:00,152,,,1810966644
355,1480147521.0,이제 앱토스 30달러,2023-06-12 08:55:16+00:00,151,,,1810966644
356,5582997939.0,,2023-06-12 08:55:13+00:00,150,,,1810966644
357,1480147521.0,크큭..,2023-06-12 08:55:10+00:00,149,,,1810966644
358,1832533556.0,,2023-06-12 08:54:47+00:00,148,,,1810966644
359,1832533556.0,,2023-06-12 08:54:43+00:00,147,,,1810966644
360,5497305510.0,다들 많이벌고 나갔나,2023-06-12 08:53:40+00:00,146,,,1810966644
361,5497305510.0,앱토스방은 왤케인기없음,2023-06-12 08:53:24+00:00,145,,,1810966644
362,1480147521.0,,2023-06-12 08:28:04+00:00,144,,,1810966644
363,1403575449.0,,2023-06-12 08:09:51+00:00,143,,,1810966644
364,1750941219.0,앱모닝,2023-06-12 07:53:59+00:00,142,,,1810966644
365,5481341340.0,안녕하세요!!,2023-06-12 07:53:43+00:00,141,,,1810966644
366,735292896.0,,2023-06-12 07:38:30+00:00,140,,,1810966644
367,5718610789.0,,2023-06-12 07:38:00+00:00,139,,,1810966644
368,1993846892.0,,2023-06-12 07:29:16+00:00,138,,,1810966644
369,2138588581.0,,2023-06-12 07:29:16+00:00,137,,,1810966644
370,1976829128.0,,2023-06-12 07:28:32+00:00,136,,,1810966644
371,365875549.0,안녕하세요,2023-06-12 07:28:24+00:00,135,,,1810966644
372,541808581.0,,2023-06-12 07:28:19+00:00,134,,,1810966644
373,365875549.0,,2023-06-12 07:28:18+00:00,133,,,1810966644
374,78266205.0,안녕하세요,2023-06-12 07:28:12+00:00,132,,,1810966644
375,5653538618.0,,2023-06-12 07:28:06+00:00,131,,,1810966644
376,1148036955.0,,2023-06-12 07:28:00+00:00,130,,,1810966644
377,78266205.0,,2023-06-12 07:27:54+00:00,129,,,1810966644
378,1166821084.0,,2023-06-12 05:59:50+00:00,128,,,1810966644
379,1024730750.0,,2023-06-12 05:59:36+00:00,127,,,1810966644
380,5835223991.0,뤼쉬뷩트랜스미숀,2023-06-12 05:58:56+00:00,126,,,1810966644
381,5835223991.0,,2023-06-12 05:58:39+00:00,125,,,1810966644
382,1750941219.0,저는 테란이요,2023-06-12 05:36:34+00:00,124,,,1810966644
383,2124072760.0,안녕하세요 앱저그 입니다,2023-06-12 05:35:16+00:00,123,,,1810966644
384,2124072760.0,Hi I'm appzerg,2023-06-12 05:35:07+00:00,122,,,1810966644
385,2124072760.0,,2023-06-12 05:34:58+00:00,121,,,1810966644
386,548866520.0,수이는 언제 앱토스 따라잡나요,2023-06-12 05:17:22+00:00,120,,,1810966644
387,1750941219.0,어허,2023-06-12 05:16:53+00:00,119,,,1810966644
388,5688504580.0,앱토스 to the moon,2023-06-12 05:16:12+00:00,118,,,1810966644
389,5688504580.0,수이,2023-06-12 05:16:04+00:00,117,,,1810966644
390,5688504580.0,씹스캠,2023-06-12 05:15:56+00:00,116,,,1810966644
391,1480147521.0,ㅎㅇ,2023-06-12 05:11:07+00:00,115,,,1810966644
392,1750941219.0,누구시죠,2023-06-12 05:10:18+00:00,114,,,1810966644
393,1480147521.0,,2023-06-12 05:04:27+00:00,113,,,1810966644
394,1480147521.0,반갑습니다,2023-06-12 05:04:24+00:00,112,,,1810966644
395,1480147521.0,ㅎㅇ,2023-06-12 05:04:21+00:00,111,,,1810966644
396,1480147521.0,,2023-06-12 05:04:06+00:00,110,,,1810966644
397,1294418574.0,,2023-06-12 03:53:23+00:00,109,,,1810966644
398,1294418574.0,앱토스 정도면 선방이다,2023-06-12 03:53:15+00:00,108,,,1810966644
399,1294418574.0,수이는 진짜 망했음,2023-06-12 03:53:10+00:00,107,,,1810966644
400,550742956.0,,2023-06-12 03:51:41+00:00,106,,,1810966644
401,5688504580.0,수이 차트보소 ㅋㅋ 역대급 씹스캠이노,2023-06-12 03:36:19+00:00,105,,,1810966644
402,5688504580.0,,2023-06-12 03:29:32+00:00,104,,,1810966644
403,600493595.0,,2023-06-12 03:22:15+00:00,103,,,1810966644
404,5688504580.0,천하의 씹스캠,2023-06-12 03:08:16+00:00,102,,,1810966644
405,5688504580.0,앱토스,2023-06-12 03:08:12+00:00,101,,,1810966644
406,5688504580.0,,2023-06-12 03:07:57+00:00,100,,,1810966644
407,1609398426.0,,2023-06-12 03:02:21+00:00,99,,,1810966644
408,481067920.0,,2023-06-12 02:57:50+00:00,98,,,1810966644
409,481067920.0,,2023-06-12 02:57:41+00:00,97,,,1810966644
410,481067920.0,,2023-06-12 02:57:34+00:00,96,,,1810966644
411,1785393233.0,,2023-06-12 02:50:41+00:00,95,,,1810966644
412,481824237.0,,2023-06-12 02:50:25+00:00,94,,,1810966644
413,397590916.0,,2023-06-12 02:50:09+00:00,93,,,1810966644
414,497333954.0,,2023-06-12 02:49:24+00:00,92,,,1810966644
415,539328113.0,,2023-06-12 02:48:52+00:00,91,,,1810966644
416,1790381771.0,,2023-06-12 02:48:48+00:00,90,,,1810966644
417,1790381771.0,,2023-06-12 02:48:43+00:00,89,,,1810966644
418,5659952478.0,,2023-06-11 17:59:50+00:00,88,,,1810966644
419,6201927623.0,,2023-06-11 14:11:22+00:00,87,,,1810966644
420,548866520.0,,2023-06-10 06:22:03+00:00,86,,,1810966644
421,1294418574.0,,2023-06-10 05:59:01+00:00,85,,,1810966644
422,1294418574.0,APT >>>>>>>>>>>>>>>>>>>>>> SUI,2023-06-10 05:58:53+00:00,84,,,1810966644
423,570275946.0,,2023-06-09 15:38:41+00:00,83,,,1810966644
424,420518855.0,,2023-06-09 14:57:08+00:00,82,,,1810966644
425,519713130.0,,2023-06-09 08:15:55+00:00,79,,,1810966644
426,-1001808345971.0,"✨ **앱토스 네트워크 — 8가지 혁신을 구현하다** ✨

앱토스는 비잔틴 장애 허용(BFT) 합의 메커니즘, 블록-STM을 통한 스마트 컨트랙트 병렬 처리 등 첨단 기술을 도입하고 사용자 경험을 향상시킴으로써 웹3.0에 혁신적인 변화를 가져오고 있습니다. 

시장에서 가장 빠르고 효율적인 블록체인인 앱토스는 개발자들이 효율적으로 구축하고 최고 수준의 애플리케이션을 만들 수 있도록 지원합니다.

이러한 강력한 기술력에 더불어, 앱토스가 존재하는 주된 이유는 다름 아닌 앱토스 커뮤니티입니다. 앱토스 네트워크는 빌더와 크리에이터의 열정과 헌신으로 인해 번창하고 있습니다.

**앱토스의 8가지 혁신을 통해 웹3.0의 미래를 확인해보세요**⤵️
https://bit.ly/aptos_innovations",2023-06-08 10:16:32+00:00,78,,669.0,1810966644
427,2124076744.0,,2023-06-08 09:57:26+00:00,77,,,1810966644
428,423884614.0,,2023-06-08 05:44:18+00:00,76,,,1810966644
429,427340070.0,,2023-06-08 05:34:13+00:00,75,,,1810966644
430,1473244738.0,,2023-06-08 05:21:37+00:00,74,,,1810966644
431,1750941219.0,안녕하세요,2023-06-08 04:50:51+00:00,73,,,1810966644
432,5199570207.0,,2023-06-08 04:47:20+00:00,72,,,1810966644
433,1125088977.0,,2023-06-08 04:47:01+00:00,71,,,1810966644
434,5199570207.0,,2023-06-08 04:46:06+00:00,70,,,1810966644
435,494188453.0,공식방 생겨서 너무 좋습니다 ㅎㅎ,2023-06-08 04:37:40+00:00,69,,,1810966644
436,1715468449.0,,2023-06-08 04:13:41+00:00,68,,,1810966644
437,1852492719.0,만간 매수 갑니도,2023-06-08 04:07:21+00:00,67,,,1810966644
438,1852492719.0,,2023-06-08 04:07:11+00:00,66,,,1810966644
439,50675352.0,가쥬앗,2023-06-08 03:45:01+00:00,65,,,1810966644
440,50675352.0,,2023-06-08 03:44:55+00:00,64,,,1810966644
441,403203344.0,앱토스가쥬앙,2023-06-08 03:30:31+00:00,63,,,1810966644
442,403203344.0,앱토스>>>>>>>>>>>>>>>>수이,2023-06-08 03:30:26+00:00,62,,,1810966644
443,403203344.0,안녕하세용,2023-06-08 03:29:56+00:00,61,,,1810966644
444,403203344.0,,2023-06-08 03:29:52+00:00,60,,,1810966644
445,6100947518.0,,2023-06-08 03:29:40+00:00,59,,,1810966644
446,5516793925.0,,2023-06-08 03:27:39+00:00,58,,,1810966644
447,5632165487.0,헬로우,2023-06-08 03:20:05+00:00,57,,,1810966644
448,5632165487.0,,2023-06-08 03:19:28+00:00,56,,,1810966644
449,5771130894.0,,2023-06-08 03:18:37+00:00,55,,,1810966644
450,5492764610.0,나만 연금 안줘,2023-06-08 03:18:09+00:00,54,,,1810966644
451,1294418574.0,둘이 경쟁심하나,2023-06-08 03:17:51+00:00,53,,,1810966644
452,5492764610.0,수이아웃,2023-06-08 03:17:50+00:00,52,,,1810966644
453,5492764610.0,수이 당첨안됨,2023-06-08 03:17:49+00:00,51,,,1810966644
454,1294418574.0,,2023-06-08 03:17:37+00:00,50,,,1810966644
455,1294418574.0,수이방에서 왔습니다,2023-06-08 03:17:33+00:00,49,,,1810966644
456,1294418574.0,,2023-06-08 03:17:29+00:00,48,,,1810966644
457,5492764610.0,SUI OUT,2023-06-08 03:16:26+00:00,47,,,1810966644
458,5492764610.0,,2023-06-08 03:16:12+00:00,46,,,1810966644
459,5619069739.0,,2023-06-08 03:16:12+00:00,45,,,1810966644
460,548866520.0,APT >> SUI,2023-06-08 03:15:44+00:00,44,,,1810966644
461,6100325917.0,,2023-06-08 03:15:39+00:00,43,,,1810966644
462,557219924.0,Gm,2023-06-08 03:15:37+00:00,42,,,1810966644
463,548866520.0,,2023-06-08 03:15:28+00:00,41,,,1810966644
464,5497305510.0,앱토스도 생겻노,2023-06-08 03:14:47+00:00,40,,,1810966644
465,5497305510.0,오 뭐야,2023-06-08 03:14:45+00:00,39,,,1810966644
466,5497305510.0,,2023-06-08 03:14:43+00:00,38,,,1810966644
467,483171735.0,,2023-06-08 03:14:01+00:00,37,,,1810966644
468,483171735.0,,2023-06-08 03:13:48+00:00,36,,,1810966644
469,460961994.0,ㅇㅏㄴ녕하세요!,2023-06-08 03:11:43+00:00,35,,,1810966644
470,460961994.0,,2023-06-08 03:11:40+00:00,34,,,1810966644
471,5088300869.0,,2023-06-08 03:11:10+00:00,33,,,1810966644
472,5197883814.0,안녕하세요,2023-06-08 03:05:04+00:00,32,,,1810966644
473,5197883814.0,,2023-06-08 03:04:53+00:00,31,,,1810966644
474,397460352.0,👋👋,2023-06-08 03:02:15+00:00,30,,,1810966644
475,397460352.0,,2023-06-08 03:02:05+00:00,29,,,1810966644
476,557219924.0,,2023-06-08 03:01:50+00:00,28,,,1810966644
477,56536591.0,안녕하세요. 반갑습니다.,2023-06-08 03:01:33+00:00,27,,,1810966644
478,56536591.0,,2023-06-08 03:00:54+00:00,26,,,1810966644
479,6181638214.0,,2023-06-08 02:52:30+00:00,25,,,1810966644
480,717390258.0,,2023-06-08 02:52:09+00:00,24,,,1810966644
481,5481341340.0,안녕하세요~,2023-06-08 02:51:52+00:00,23,,,1810966644
482,494188453.0,안녕하세요!,2023-06-08 02:50:08+00:00,22,,,1810966644
483,494188453.0,,2023-06-08 02:50:03+00:00,21,,,1810966644
484,17485346.0,,2023-06-08 02:42:03+00:00,20,,,1810966644
485,5559588259.0,안녕하세요 :),2023-06-08 02:19:29+00:00,19,,,1810966644
486,5481341340.0,안녕하세요!,2023-06-08 02:19:28+00:00,18,,,1810966644
487,502464124.0,안녕하세요 :),2023-06-08 02:19:17+00:00,17,,,1810966644
488,5559588259.0,,2023-06-08 02:19:06+00:00,16,,,1810966644
489,502464124.0,,2023-06-08 02:18:16+00:00,15,,,1810966644
490,-1001808345971.0,"**✨ 앱토스 한국 공식 커뮤니티 오픈✨

**안녕하세요, 앱토스 커뮤니티로부터 많은 피드백을 받아 한국 공식 커뮤니티가 새롭게 오픈되었습니다.

앱토스는 전직 페이스북 직원들이 개발한 혁신적인 레이어1 퍼블릭 블록체인으로, 무브(Move) 기반 스마트 컨트랙트를 통해 높은 처리량과 강력한 보안을 제공하는 데 중점을 두고 있습니다. 👩‍💻

**아래 링크의 커뮤니티에 참여해 무브 언어 및 앱토스 생태계에 대한 다양한 토론을 나눠보시길 바랍니다 **⤵️
https://t.me/AptosKR",2023-06-08 01:56:45+00:00,14,,2945.0,1810966644
491,1176850387.0,,2023-06-08 01:37:30+00:00,13,,,1810966644
492,1750941219.0,,2023-06-06 11:42:14+00:00,12,,,1810966644
493,992753877.0,,2023-06-05 05:46:45+00:00,11,,,1810966644
494,1125088977.0,,2023-06-05 04:21:59+00:00,10,,,1810966644
495,210944655.0,"You have invited Combot to your group chat. **That's awesome!** Send /stat command to get your analytics link. Link is always the same. [Subscribe to update feed](https://t.me/combotnews), join our [chat for discussion & support](https://t.me/combotchat).
[Click here](https://combot.org/u/login) to log in and manage your groups.",2023-06-05 04:19:50+00:00,9,,,1810966644
496,,,2023-06-05 04:19:50+00:00,8,,,1810966644
497,5481341340.0,,2023-06-05 03:39:34+00:00,7,,,1810966644
498,,,2023-06-05 02:43:41+00:00,4,,,1810966644
499,,,2023-06-05 02:41:17+00:00,1,,,1810966644
